gun,% Iron Feed,% Silica Feed,% Iron Concentrate,% Silica Concentrate,Limit_Asimi
2017-03-10,55.38,17.21,66.6,1.74,False
2017-03-11,59.84,9.18,65.16,3.1,False
2017-03-12,58.94,11.27,65.4,2.74,False
2017-03-13,57.61,11.39,65.68,2.36,False
2017-03-14,59.23,9.98,64.72,3.26,False
2017-03-15,58.64,10.44,66.34,1.55,False
2017-03-16,57.63,12.48,65.97,2.01,False
2017-03-29,59.75,9.49,65.75,2.01,False
2017-03-30,60.97,8.59,64.87,3.18,False
2017-03-31,58.43,11.92,65.27,2.52,False
2017-04-01,59.72,9.22,64.03,3.11,False
2017-04-02,58.77,10.3,65.1,2.45,False
2017-04-03,54.94,16.35,63.83,3.23,False
2017-04-04,53.99,17.33,65.39,2.31,False
2017-04-05,55.88,14.96,65.2,2.29,False
2017-04-06,56.32,14.15,65.3,2.24,False
2017-04-07,56.22,13.94,65.06,2.53,False
2017-04-08,56.44,13.32,65.09,2.45,False
2017-04-09,56.22,13.78,65.9,1.72,False
2017-04-10,56.94,13.28,65.88,1.58,False
2017-04-11,57.03,12.48,65.39,1.73,False
2017-04-12,54.56,15.56,64.68,2.73,False
2017-04-13,55.66,14.21,65.19,2.37,False
2017-04-14,52.77,20.27,64.83,2.77,False
2017-04-15,53.59,18.31,65.07,2.35,False
2017-04-16,50.07,23.22,64.41,2.8,False
2017-04-17,51.77,19.93,64.8,2.3,False
2017-04-18,56.67,12.04,64.66,2.11,False
2017-04-19,57.09,12.93,63.83,2.92,False
2017-04-20,53.47,17.67,64.18,3.78,True
2017-04-21,53.73,17.11,64.22,3.31,False
2017-04-22,55.17,14.35,64.36,3.58,True
2017-04-23,55.17,14.35,63.41,4.56,True
2017-04-24,52.13,20.45,63.7,3.6,True
2017-04-25,48.57,27.3,66.27,1.51,False
2017-04-26,55.34,16.36,65.94,2.14,False
2017-04-27,57.42,13.17,65.13,2.67,False
2017-04-28,54.01,17.6,63.97,3.38,False
2017-04-29,55.08,16.63,65.6,1.94,False
2017-04-30,55.46,16.14,65.09,2.61,False
2017-05-01,53.01,20.15,65.32,2.66,False
2017-05-02,52.7,21.26,64.9,2.79,False
2017-05-03,57.01,13.28,64.16,2.85,False
2017-05-04,56.76,13.44,64.65,2.92,False
2017-05-05,54.6,17.14,64.49,3.67,True
2017-05-06,56.15,14.66,63.67,4.14,True
2017-05-07,53.65,19.76,65.42,2.92,False
2017-05-08,56.65,14.83,64.75,3.12,False
2017-05-09,55.3,16.63,64.71,3.23,False
2017-05-10,52.61,20.24,63.28,4.55,True
2017-05-11,52.61,20.24,65.39,2.69,False
2017-05-12,52.61,20.24,65.76,1.7,False
2017-05-13,63.55,6.84,64.39,2.58,False
2017-05-14,64.03,6.26,64.84,2.35,False
2017-05-15,64.03,6.26,63.98,2.94,False
2017-05-16,64.03,6.26,64.73,1.75,False
2017-05-17,64.03,6.26,64.86,2.9,False
2017-05-18,64.03,6.26,64.36,3.62,True
2017-05-19,64.03,6.26,63.85,3.05,False
2017-05-20,64.03,6.26,64.26,2.09,False
2017-05-21,64.03,6.26,64.38,2.62,False
2017-05-22,64.03,6.26,65.0,2.07,False
2017-05-23,64.03,6.26,64.75,2.37,False
2017-05-24,64.03,6.26,64.78,2.27,False
2017-05-25,64.03,6.26,65.72,1.29,False
2017-05-26,64.03,6.26,65.44,1.59,False
2017-05-27,64.03,6.26,66.24,1.33,False
2017-05-28,64.03,6.26,66.34,1.3,False
2017-05-29,64.03,6.26,66.55,1.25,False
2017-05-30,64.03,6.26,66.35,1.26,False
2017-05-31,64.03,6.26,66.31,1.48,False
2017-06-01,64.03,6.26,64.99,1.84,False
2017-06-02,64.03,6.26,65.49,1.6,False
2017-06-03,64.03,6.26,65.79,1.65,False
2017-06-04,64.03,6.26,66.48,1.35,False
2017-06-05,64.03,6.26,65.2,2.29,False
2017-06-06,64.03,6.26,64.52,2.43,False
2017-06-07,64.03,6.26,64.82,2.8,False
2017-06-08,64.03,6.26,65.84,1.32,False
2017-06-09,64.03,6.26,65.45,2.01,False
2017-06-10,64.03,6.26,65.37,1.89,False
2017-06-11,64.03,6.26,65.54,2.04,False
2017-06-12,64.03,6.26,65.0,2.14,False
2017-06-13,64.03,6.26,64.27,2.24,False
2017-06-14,64.03,6.26,64.97,2.49,False
2017-06-15,55.93,14.4,64.84,1.88,False
2017-06-16,61.32,5.73,65.42,1.53,False
2017-06-17,50.64,21.71,65.74,1.85,False
2017-06-18,49.89,21.92,64.91,1.86,False
2017-06-19,46.65,27.24,65.08,2.43,False
2017-06-20,51.51,19.38,64.5,2.9,False
2017-06-21,52.55,18.04,65.26,2.17,False
2017-06-22,50.47,21.72,66.03,1.69,False
2017-06-23,52.95,19.94,66.08,2.06,False
2017-06-24,52.81,19.07,66.14,1.51,False
2017-06-25,57.93,11.5,65.42,2.53,False
2017-06-26,53.27,19.02,65.03,2.6,False
2017-06-27,52.54,21.02,64.52,2.59,False
2017-06-28,50.28,23.88,65.29,1.93,False
2017-06-29,57.95,11.67,65.51,1.83,False
2017-06-30,50.44,24.34,65.27,2.0,False
2017-07-01,54.32,17.84,64.86,2.54,False
2017-07-02,55.52,14.39,65.36,1.99,False
2017-07-03,55.45,14.95,65.38,1.87,False
2017-07-04,54.57,15.19,64.9,1.7,False
2017-07-05,52.67,18.25,65.19,1.69,False
2017-07-06,48.03,26.61,64.82,3.67,True
2017-07-07,47.78,27.03,65.92,1.8,False
2017-07-08,55.45,15.71,65.65,1.67,False
2017-07-09,51.79,20.14,65.55,1.33,False
2017-07-10,55.69,14.84,65.17,1.91,False
2017-07-11,52.26,18.87,66.09,1.25,False
2017-07-12,52.15,18.54,65.41,1.31,False
2017-07-13,53.34,16.72,65.51,1.6,False
2017-07-14,55.58,14.48,64.58,2.97,False
2017-07-15,54.07,16.37,65.48,1.62,False
2017-07-16,54.69,15.92,65.72,1.58,False
2017-07-17,57.45,12.18,65.97,1.45,False
2017-07-18,59.21,9.18,65.58,1.78,False
2017-07-19,49.5,24.06,65.83,2.07,False
2017-07-20,49.01,24.69,65.5,1.88,False
2017-07-21,50.6,24.27,65.69,1.96,False
2017-07-22,51.98,20.76,65.08,2.21,False
2017-07-23,57.1,12.57,65.92,1.66,False
2017-07-24,57.46,10.94,65.75,2.11,False
2017-07-25,57.46,10.8,64.81,2.63,False
2017-07-26,57.46,10.8,65.44,1.78,False
2017-07-27,57.46,10.8,65.16,2.02,False
2017-07-28,57.46,10.8,65.3,2.31,False
2017-07-29,57.46,10.8,64.3,4.05,True
2017-07-30,57.46,10.8,65.6,2.27,False
2017-07-31,57.46,10.8,64.42,3.04,False
2017-08-01,57.46,10.8,65.44,2.08,False
2017-08-02,57.46,10.8,65.44,2.08,False
2017-08-03,55.42,14.92,65.46,2.03,False
2017-08-04,51.34,23.16,63.46,4.03,True
2017-08-05,55.09,15.36,64.49,2.85,False
2017-08-06,52.76,19.26,64.28,2.66,False
2017-08-07,49.04,24.98,65.03,1.3,False
2017-08-08,48.81,25.31,65.12,2.0,False
2017-08-09,48.81,25.31,64.53,2.46,False
2017-08-10,48.81,25.31,64.54,2.57,False
2017-08-11,48.81,25.31,65.68,1.63,False
2017-08-12,48.81,25.31,65.74,1.27,False
2017-08-13,48.81,25.31,65.15,2.1,False
2017-08-14,48.81,25.31,65.44,1.67,False
2017-08-15,55.5,14.7,64.93,1.99,False
2017-08-16,52.76,19.1,65.19,1.72,False
2017-08-17,55.53,13.32,65.27,1.19,False
2017-08-18,53.71,16.15,63.99,2.82,False
2017-08-19,47.72,25.78,64.38,3.45,True
2017-08-20,52.17,20.95,64.56,2.71,False
2017-08-21,52.29,21.0,65.18,1.83,False
2017-08-22,57.93,11.97,65.43,1.45,False
2017-08-23,55.12,15.96,64.73,2.1,False
2017-08-24,61.39,6.21,65.16,1.66,False
2017-08-25,58.09,10.72,65.35,1.74,False
2017-08-26,63.22,4.83,65.4,2.06,False
2017-08-27,58.69,9.51,65.69,1.52,False
2017-08-28,55.25,15.57,64.73,2.77,False
2017-08-29,54.77,16.6,64.06,3.1,False
2017-08-30,55.32,15.67,63.13,4.3,True
2017-08-31,53.03,19.74,64.42,2.46,False
2017-09-01,51.76,21.44,64.49,2.8,False
2017-09-02,54.31,17.63,64.54,2.48,False
2017-09-03,54.44,16.42,63.74,2.92,False
2017-09-04,54.22,14.71,63.64,3.22,False
2017-09-05,51.02,22.54,62.89,4.13,True
2017-09-06,50.71,20.98,64.82,2.34,False
2017-09-07,57.0,12.43,65.09,1.94,False
2017-09-08,59.42,8.27,65.18,1.91,False
2017-09-09,51.94,18.97,64.31,2.41,False
